{ "command": "room", "venue": "Alpha", "room": "Tabla", "size": "small" }
{ "command": "room", "venue": "Alpha", "room": "Drum", "size": "small" }
{ "command": "room", "venue": "Alpha", "room": "KBT", "size": "medium" }
{ "command": "room", "venue": "Alpha", "room": "CLB", "size": "large" }
{ "command": "room", "venue": "Beta", "room": "Unknown", "size": "large" }
{ "command": "room", "venue": "Beta", "room": "Magic", "size": "large" }
{ "command": "room", "venue": "Delta", "room": "Insearch", "size": "medium" }
{ "command": "room", "venue": "Delta", "room": "Outsearch", "size": "small" }
{ "command": "request", "id": "FINS1612", "start": "2019-07-01", "end": "2019-07-05", "small": 3, "medium": 0, "large": 0 }
{ "command": "request", "id": "FINS1613", "start": "2019-07-02","end": "2019-07-05", "small": 2, "medium": 1, "large": 1 }
{ "command": "request", "id": "FINS2624", "start": "2019-07-02", "end": "2019-07-03", "small": 0, "medium": 0, "large": 2 }
{ "command": "change", "id": "FINS2624", "start": "2019-07-05", "end": "2019-07-29", "small": 1, "medium": 1, "large": 3 }

{ "command": "cancel", "id": "FINS1611" }
{ "command": "cancel", "id": "FINS1613" }
{ "command": "request", "id": "FINS1612", "start": "2019-07-01", "end": "2019-07-05", "small": 2, "medium": 1, "large": 1 }
{ "command": "list", "venue": "Alpha" }
