{ "command": "room", "venue": "Zetland", "room": "136", "size": "small" }
{ "command": "room", "venue": "Zetland", "room": "134", "size": "small" }
{ "command": "room", "venue": "Zetland", "room": "132", "size": "medium" }
{ "command": "room", "venue": "Zetland", "room": "130", "size": "large" }
{ "command": "room", "venue": "Waterloo", "room": "234", "size": "large" }
{ "command": "room", "venue": "Waterloo", "room": "236", "size": "large" }
{ "command": "room", "venue": "Kensington", "room": "301", "size": "medium" }
{ "command": "room", "venue": "Kensington", "room": "302", "size": "small" }
{ "command": "request", "id": "ABC", "start": "2019-08-01", "end": "2019-08-05", "small": 1, "medium": 0, "large": 0 }
{ "command": "request", "id": "DEF", "start": "2019-08-02","end": "2019-08-05", "small": 2, "medium": 1, "large": 1 }
{ "command": "cancel", "id": "ABC" }
{ "command": "request", "id": "GHI", "start": "2019-08-02", "end": "2019-08-03", "small": 2, "medium": 1, "large": 1 }
{ "command": "request", "id": "JKL", "start": "2019-08-01", "end": "2019-08-05", "small": 1, "medium": 0, "large": 0 }
{ "command": "change", "id": "DEF", "start": "2019-07-05", "end": "2019-07-29", "small": 1, "medium": 1, "large": 3 }


{ "command": "cancel", "id": "DEF" }
{ "command": "request", "id": "JKL", "start": "2019-09-01", "end": "2019-09-05", "small": 1, "medium": 1, "large": 0 }
{ "command": "list", "venue": "Waterloo" }
{ "command": "list", "venue": "Zetland" }
{ "command": "list", "venue": "Kensington" }
