{ "command": "room", "venue": "UNSW", "room": "Tabla", "size": "small" }
{ "command": "room", "venue": "UNSW", "room": "Drum", "size": "small" }
{ "command": "room", "venue": "UNSW", "room": "KBT", "size": "medium" }
{ "command": "room", "venue": "UNSW", "room": "CLB", "size": "large" }
{ "command": "room", "venue": "USYD", "room": "Unknown", "size": "large" }
{ "command": "room", "venue": "UTS", "room": "Insearch", "size": "medium" }
{ "command": "request", "id": "Comp1511", "start": "2019-06-01", "end": "2019-06-05", "small": 1, "medium": 0, "large": 1 }
{ "command": "request", "id": "Comp1521", "start": "2019-06-02","end": "2019-06-05", "small": 1, "medium": 0, "large": 0 }
{ "command": "request", "id": "Comp1531", "start": "2019-06-02", "end": "2019-06-03", "small": 0, "medium": 0, "large": 1 }
{ "command": "change", "id": "Comp1521", "start": "2019-06-27", "end": "2019-06-29", "small": 2, "medium": 1, "large": 1 }
{ "command": "request", "id": "Comp2521", "start": "2019-06-10", "end": "2019-06-12" , "small": 2, "medium": 1, "large": 1 }
{ "command": "cancel", "id": "Comp1531" }
{ "command": "change", "id": "Comp2521", "start": "2019-06-01", "end": "2019-06-05", "small": 1, "medium": 0, "large": 0 }
{ "command": "list", "venue": "UNSW" }

