{"venue":"UNSW","rooms":["Tabla","CLB"],"status":"success"}
{"venue":"UNSW","rooms":["Drum"],"status":"success"}
{"venue":"USYD","rooms":["Unknown"],"status":"success"}
{"venue":"UNSW","rooms":["Tabla","Drum","KBT","CLB"],"status":"success"}
{"venue":"UNSW","rooms":["Tabla","Drum","KBT","CLB"],"status":"success"}
{"status":"success"}
{"venue":"UNSW","rooms":["Drum"],"status":"success"}
[
  {
    "reservations": [
      {
        "start": "2019-06-01",
        "end": "2019-06-05",
        "id": "Comp1511"
      },
      {
        "start": "2019-06-27",
        "end": "2019-06-29",
        "id": "Comp1521"
      }
    ],
    "room": "Tabla"
  },
  {
    "reservations": [
      {
        "start": "2019-06-01",
        "end": "2019-06-05",
        "id": "Comp2521"
      },
      {
        "start": "2019-06-27",
        "end": "2019-06-29",
        "id": "Comp1521"
      }
    ],
    "room": "Drum"
  },
  {
    "reservations": [{
      "start": "2019-06-27",
      "end": "2019-06-29",
      "id": "Comp1521"
    }],
    "room": "KBT"
  },
  {
    "reservations": [
      {
        "start": "2019-06-01",
        "end": "2019-06-05",
        "id": "Comp1511"
      },
      {
        "start": "2019-06-27",
        "end": "2019-06-29",
        "id": "Comp1521"
      }
    ],
    "room": "CLB"
  }
]
