{"status":"rejected"}
{"venue":"Alpha","rooms":["Tabla","Drum","KBT","CLB"],"status":"success"}
{"venue":"Beta","rooms":["Unknown","Magic"],"status":"success"}
{"status":"rejected"}
{"ststus":"rejected"}
{"status":"success"}
{"venue":"Alpha","rooms":["Tabla","Drum","KBT","CLB"],"status":"success"}
[
  {
    "reservations": [{
      "start": "2019-07-01",
      "end": "2019-07-05",
      "id": "FINS1612"
    }],
    "room": "Tabla"
  },
  {
    "reservations": [{
      "start": "2019-07-01",
      "end": "2019-07-05",
      "id": "FINS1612"
    }],
    "room": "Drum"
  },
  {
    "reservations": [{
      "start": "2019-07-01",
      "end": "2019-07-05",
      "id": "FINS1612"
    }],
    "room": "KBT"
  },
  {
    "reservations": [{
      "start": "2019-07-01",
      "end": "2019-07-05",
      "id": "FINS1612"
    }],
    "room": "CLB"
  }
]
