{"venue":"Zetland","rooms":["136"],"status":"success"}
{"status":"rejected"}
{"status":"success"}
{"venue":"Zetland","rooms":["136","134","132","130"],"status":"success"}
{"venue":"Kensington","rooms":["302"],"status":"success"}
{"status":"rejected"}
{"ststus":"rejected"}
{"venue":"Zetland","rooms":["136","132"],"status":"success"}
[
  {
    "reservations": [],
    "room": "234"
  },
  {
    "reservations": [],
    "room": "236"
  }
]
[
  {
    "reservations": [
      {
        "start": "2019-08-02",
        "end": "2019-08-03",
        "id": "GHI"
      },
      {
        "start": "2019-09-01",
        "end": "2019-09-05",
        "id": "JKL"
      }
    ],
    "room": "136"
  },
  {
    "reservations": [{
      "start": "2019-08-02",
      "end": "2019-08-03",
      "id": "GHI"
    }],
    "room": "134"
  },
  {
    "reservations": [
      {
        "start": "2019-08-02",
        "end": "2019-08-03",
        "id": "GHI"
      },
      {
        "start": "2019-09-01",
        "end": "2019-09-05",
        "id": "JKL"
      }
    ],
    "room": "132"
  },
  {
    "reservations": [{
      "start": "2019-08-02",
      "end": "2019-08-03",
      "id": "GHI"
    }],
    "room": "130"
  }
]
[
  {
    "reservations": [],
    "room": "301"
  },
  {
    "reservations": [{
      "start": "2019-08-01",
      "end": "2019-08-05",
      "id": "JKL"
    }],
    "room": "302"
  }
]
